Hand_0002772.jpg,male
Hand_0003829.jpg,female
Hand_0004154.jpg,female
Hand_0008629.jpg,female
Hand_0008344.jpg,female
Hand_0000115.jpg,female
Hand_0009762.jpg,male
Hand_0007030.jpg,male
Hand_0009298.jpg,male
Hand_0007509.jpg,male
Hand_0006571.jpg,male
Hand_0011217.jpg,male
Hand_0011708.jpg,female
Hand_0001109.jpg,female
Hand_0001879.jpg,male
Hand_0007711.jpg,male
Hand_0000602.jpg,female
Hand_0009677.jpg,male
Hand_0003041.jpg,male
Hand_0011534.jpg,male
Hand_0001892.jpg,male
Hand_0000293.jpg,female
Hand_0011239.jpg,male
Hand_0004667.jpg,female
Hand_0011222.jpg,male
Hand_0007580.jpg,male
Hand_0011271.jpg,male
Hand_0001620.jpg,female
Hand_0010858.jpg,male
Hand_0010405.jpg,male
Hand_0008840.jpg,female
Hand_0009392.jpg,male
Hand_0007498.jpg,male
Hand_0004595.jpg,female
Hand_0001037.jpg,male
Hand_0008261.jpg,female
Hand_0003226.jpg,female
Hand_0000177.jpg,female
Hand_0011248.jpg,male
Hand_0007476.jpg,male
Hand_0005875.jpg,female
Hand_0000821.jpg,female
Hand_0005233.jpg,male
Hand_0004996.jpg,female
Hand_0008235.jpg,male
Hand_0007658.jpg,male
Hand_0004858.jpg,female
Hand_0010687.jpg,male
Hand_0003927.jpg,male
Hand_0002930.jpg,female
Hand_0003176.jpg,female
Hand_0004708.jpg,female
Hand_0002712.jpg,male
Hand_0002449.jpg,female
Hand_0010608.jpg,male
Hand_0007017.jpg,male
Hand_0001881.jpg,male
Hand_0008174.jpg,male
Hand_0002645.jpg,male
Hand_0004921.jpg,female
Hand_0006350.jpg,female
Hand_0009340.jpg,male
Hand_0008237.jpg,male
Hand_0006271.jpg,female
Hand_0007667.jpg,male
Hand_0003224.jpg,female
Hand_0003324.jpg,female
Hand_0007960.jpg,female
Hand_0009668.jpg,male
Hand_0005621.jpg,female
Hand_0003750.jpg,female
Hand_0009334.jpg,male
Hand_0010081.jpg,male
Hand_0006262.jpg,female
Hand_0004654.jpg,female
Hand_0001831.jpg,male
Hand_0003865.jpg,male
Hand_0011528.jpg,male
Hand_0003237.jpg,female
Hand_0006568.jpg,male
Hand_0002660.jpg,male
Hand_0009295.jpg,male
Hand_0004883.jpg,female
Hand_0001845.jpg,male
Hand_0004835.jpg,female
Hand_0008737.jpg,female
Hand_0005232.jpg,male
Hand_0003743.jpg,female
Hand_0002281.jpg,female
Hand_0002810.jpg,male
Hand_0009345.jpg,male
Hand_0008280.jpg,female
Hand_0009333.jpg,male
Hand_0009491.jpg,female
Hand_0008023.jpg,female
Hand_0004157.jpg,female
Hand_0001042.jpg,male
Hand_0004668.jpg,female
Hand_0010628.jpg,male
Hand_0003109.jpg,male
Hand_0007352.jpg,male
Hand_0006144.jpg,female
Hand_0011538.jpg,male
Hand_0006870.jpg,male
Hand_0006203.jpg,female
Hand_0005158.jpg,male
Hand_0004637.jpg,female
Hand_0002668.jpg,male
Hand_0004761.jpg,female
Hand_0008051.jpg,female
Hand_0010427.jpg,male
Hand_0009943.jpg,female
Hand_0011731.jpg,female
Hand_0001496.jpg,female
Hand_0011732.jpg,female
Hand_0011243.jpg,male
Hand_0008230.jpg,male
Hand_0011436.jpg,female
Hand_0002951.jpg,female
Hand_0007714.jpg,male
Hand_0003177.jpg,female
Hand_0000865.jpg,female
Hand_0001601.jpg,female
Hand_0008001.jpg,female
Hand_0002756.jpg,male
Hand_0007991.jpg,female
Hand_0004710.jpg,female
Hand_0005617.jpg,female
Hand_0003021.jpg,male
Hand_0007354.jpg,male
Hand_0010407.jpg,male
Hand_0006829.jpg,male
Hand_0009797.jpg,male
Hand_0005031.jpg,female
Hand_0009918.jpg,female
Hand_0009344.jpg,male
Hand_0004882.jpg,female
Hand_0004163.jpg,female
Hand_0002838.jpg,male
Hand_0001136.jpg,female
Hand_0011356.jpg,male
Hand_0000100.jpg,female
Hand_0009835.jpg,male
Hand_0009850.jpg,male
Hand_0002648.jpg,male
Hand_0007361.jpg,male
Hand_0010296.jpg,female
Hand_0009809.jpg,male
Hand_0008539.jpg,female
Hand_0002652.jpg,male
Hand_0009431.jpg,female
Hand_0008026.jpg,female
Hand_0004929.jpg,female
Hand_0003232.jpg,female
Hand_0001849.jpg,male
Hand_0006296.jpg,female
Hand_0006880.jpg,male
Hand_0001221.jpg,female
Hand_0001812.jpg,male
Hand_0005616.jpg,female
Hand_0006294.jpg,female
Hand_0004983.jpg,female
Hand_0000516.jpg,female
Hand_0002768.jpg,male
Hand_0005155.jpg,male
Hand_0002777.jpg,male
Hand_0001883.jpg,male
Hand_0002821.jpg,male
Hand_0008441.jpg,female
Hand_0002650.jpg,male
Hand_0000107.jpg,female
Hand_0006574.jpg,male
Hand_0005108.jpg,male
Hand_0005190.jpg,male
Hand_0002957.jpg,female
Hand_0008739.jpg,female
Hand_0001200.jpg,female
Hand_0006277.jpg,female
Hand_0002820.jpg,male
Hand_0009763.jpg,male
Hand_0010409.jpg,male
Hand_0007016.jpg,male
Hand_0005147.jpg,male
Hand_0004581.jpg,female
Hand_0005211.jpg,male
Hand_0006145.jpg,female
Hand_0008285.jpg,female
Hand_0002718.jpg,male
Hand_0001134.jpg,female
Hand_0001668.jpg,female
Hand_0002295.jpg,female
Hand_0006205.jpg,female
Hand_0011385.jpg,male
Hand_0004641.jpg,female
Hand_0007506.jpg,male
Hand_0003816.jpg,female
Hand_0007620.jpg,male
Hand_0003907.jpg,male
Hand_0004575.jpg,female
Hand_0011390.jpg,male
Hand_0009251.jpg,male
Hand_0002911.jpg,female
Hand_0006148.jpg,female
Hand_0007563.jpg,male
Hand_0003826.jpg,female
Hand_0003108.jpg,male
Hand_0009845.jpg,male
Hand_0002935.jpg,female
Hand_0002934.jpg,female
Hand_0004949.jpg,female
Hand_0009486.jpg,female
Hand_0008351.jpg,female
Hand_0001199.jpg,female
Hand_0007850.jpg,female
Hand_0010581.jpg,male
Hand_0007559.jpg,male
Hand_0007360.jpg,male
Hand_0010218.jpg,female
Hand_0002866.jpg,male
Hand_0001800.jpg,male
Hand_0008052.jpg,female
Hand_0010508.jpg,male
Hand_0001780.jpg,male
Hand_0010082.jpg,male
Hand_0008274.jpg,female
Hand_0001579.jpg,female
Hand_0005812.jpg,female
Hand_0002108.jpg,female
Hand_0009810.jpg,male
Hand_0002125.jpg,female
Hand_0005197.jpg,male
Hand_0000887.jpg,male
Hand_0006348.jpg,female
Hand_0010289.jpg,female
Hand_0003916.jpg,male
Hand_0009476.jpg,female
Hand_0007590.jpg,male
Hand_0004714.jpg,female
Hand_0006208.jpg,female
Hand_0001815.jpg,male
Hand_0011741.jpg,female
Hand_0008046.jpg,female
Hand_0010213.jpg,female
Hand_0001216.jpg,female
Hand_0009256.jpg,male
Hand_0003744.jpg,female
Hand_0010423.jpg,male
Hand_0011219.jpg,male
Hand_0003107.jpg,male
Hand_0000832.jpg,female
Hand_0002661.jpg,male
Hand_0004645.jpg,female
Hand_0002915.jpg,female
Hand_0008357.jpg,female
Hand_0005115.jpg,male
Hand_0001943.jpg,male
Hand_0005145.jpg,male
Hand_0010817.jpg,male
Hand_0006993.jpg,male
Hand_0007584.jpg,male
Hand_0002713.jpg,male
Hand_0005807.jpg,female
Hand_0004662.jpg,female
Hand_0002666.jpg,male
Hand_0007034.jpg,male
Hand_0002824.jpg,male
Hand_0001710.jpg,male
Hand_0001630.jpg,female
Hand_0002830.jpg,male
Hand_0003014.jpg,male
Hand_0006985.jpg,male
Hand_0009944.jpg,female
Hand_0002292.jpg,female
Hand_0003112.jpg,male
Hand_0003714.jpg,female
Hand_0008019.jpg,female
Hand_0001023.jpg,male
Hand_0001828.jpg,male
Hand_0010698.jpg,male
Hand_0005161.jpg,male
Hand_0010159.jpg,female
Hand_0000819.jpg,female
Hand_0004919.jpg,female
Hand_0009477.jpg,female
Hand_0006263.jpg,female
Hand_0009909.jpg,female
Hand_0004756.jpg,female
Hand_0006264.jpg,female
Hand_0006260.jpg,female
Hand_0009754.jpg,male
Hand_0011584.jpg,male
Hand_0010689.jpg,male
Hand_0000175.jpg,female
Hand_0009670.jpg,male
Hand_0007473.jpg,male
Hand_0009488.jpg,female
Hand_0001635.jpg,female
Hand_0009941.jpg,female
Hand_0010404.jpg,male
Hand_0005423.jpg,female
Hand_0011703.jpg,female
Hand_0007365.jpg,male
Hand_0006272.jpg,female
Hand_0000382.jpg,female
Hand_0004947.jpg,female
Hand_0011272.jpg,male
Hand_0001708.jpg,male
Hand_0009283.jpg,male
Hand_0007945.jpg,female
Hand_0001241.jpg,female
Hand_0002705.jpg,male
Hand_0007289.jpg,female
Hand_0007024.jpg,male
Hand_0006243.jpg,female
Hand_0000295.jpg,female
Hand_0007662.jpg,male
Hand_0008540.jpg,female
Hand_0003901.jpg,male
Hand_0001584.jpg,female
Hand_0010078.jpg,male
Hand_0007028.jpg,male
Hand_0009398.jpg,male
Hand_0002088.jpg,male
Hand_0009154.jpg,male
Hand_0004886.jpg,female
Hand_0000102.jpg,female
Hand_0007618.jpg,male
Hand_0000186.jpg,female
Hand_0005424.jpg,female
Hand_0004703.jpg,female
Hand_0006549.jpg,male
Hand_0002085.jpg,male
Hand_0008443.jpg,female
Hand_0010243.jpg,female
Hand_0001926.jpg,male
Hand_0007187.jpg,female
Hand_0009285.jpg,male
Hand_0010184.jpg,female
Hand_0002084.jpg,male
Hand_0000667.jpg,female
Hand_0007288.jpg,female
Hand_0011577.jpg,male
Hand_0007469.jpg,male
Hand_0005164.jpg,male
Hand_0003913.jpg,male
Hand_0004578.jpg,female
Hand_0008030.jpg,female
Hand_0006307.jpg,female
Hand_0001036.jpg,male
Hand_0009834.jpg,male
Hand_0007668.jpg,male
Hand_0002296.jpg,female
Hand_0011359.jpg,male
Hand_0000920.jpg,male
Hand_0007031.jpg,male
Hand_0002953.jpg,female
Hand_0003017.jpg,male
Hand_0011440.jpg,female
Hand_0003305.jpg,female
Hand_0007464.jpg,male
Hand_0001925.jpg,male
Hand_0011581.jpg,male
Hand_0001932.jpg,male
Hand_0008031.jpg,female
Hand_0007660.jpg,male
Hand_0010185.jpg,female
Hand_0007499.jpg,male
Hand_0005000.jpg,female
Hand_0005206.jpg,male
Hand_0003825.jpg,female
Hand_0010158.jpg,female
Hand_0011383.jpg,male
Hand_0004812.jpg,female
Hand_0006298.jpg,female
Hand_0000925.jpg,male
Hand_0007027.jpg,male
Hand_0010207.jpg,female
Hand_0009282.jpg,male
Hand_0006240.jpg,female
Hand_0010051.jpg,male
Hand_0001843.jpg,male
Hand_0002291.jpg,female
Hand_0004814.jpg,female
Hand_0001138.jpg,female
Hand_0006154.jpg,female
Hand_0001557.jpg,female
Hand_0009724.jpg,male
Hand_0001631.jpg,female
Hand_0011700.jpg,female
Hand_0005607.jpg,female
Hand_0002714.jpg,male
Hand_0003915.jpg,male
Hand_0004751.jpg,female
Hand_0005871.jpg,female
Hand_0004597.jpg,female
Hand_0002812.jpg,male
Hand_0007564.jpg,male
Hand_0001561.jpg,female
Hand_0007591.jpg,male
Hand_0011220.jpg,male
Hand_0004717.jpg,female
Hand_0002829.jpg,male
Hand_0010080.jpg,male
Hand_0009765.jpg,male
Hand_0001178.jpg,female
Hand_0001321.jpg,female
Hand_0010795.jpg,male
Hand_0007480.jpg,male
Hand_0002654.jpg,male
Hand_0009888.jpg,male
Hand_0011252.jpg,male
Hand_0004841.jpg,female
Hand_0002909.jpg,female
Hand_0004657.jpg,female
Hand_0003292.jpg,female
Hand_0001367.jpg,female
Hand_0002081.jpg,male
Hand_0002826.jpg,male
Hand_0007713.jpg,male
Hand_0009150.jpg,male
Hand_0000641.jpg,female
Hand_0011433.jpg,female
Hand_0006149.jpg,female
Hand_0004587.jpg,female
Hand_0005188.jpg,male
Hand_0003712.jpg,female
Hand_0001474.jpg,female
Hand_0000831.jpg,female
Hand_0005619.jpg,female
Hand_0000456.jpg,female
Hand_0006157.jpg,female
Hand_0007625.jpg,male
Hand_0001305.jpg,female
Hand_0007996.jpg,female
Hand_0004664.jpg,female
Hand_0006299.jpg,female
Hand_0004651.jpg,female
Hand_0004839.jpg,female
Hand_0009480.jpg,female
Hand_0007847.jpg,female
Hand_0008266.jpg,female
Hand_0003134.jpg,male
Hand_0007849.jpg,female
Hand_0009179.jpg,male
Hand_0007565.jpg,male
Hand_0008029.jpg,female
Hand_0004652.jpg,female
Hand_0009260.jpg,male
Hand_0009248.jpg,male
Hand_0009406.jpg,male
Hand_0007032.jpg,male
Hand_0009674.jpg,male
Hand_0003233.jpg,female
Hand_0010853.jpg,male
Hand_0004747.jpg,female
Hand_0001307.jpg,female
Hand_0004666.jpg,female
Hand_0009483.jpg,female
Hand_0006351.jpg,female
Hand_0000924.jpg,male
Hand_0006543.jpg,male
Hand_0001930.jpg,male
Hand_0010617.jpg,male
Hand_0000891.jpg,male
Hand_0007471.jpg,male
Hand_0009441.jpg,female
Hand_0009915.jpg,female
Hand_0007371.jpg,male
Hand_0000639.jpg,female
Hand_0002954.jpg,female
Hand_0006151.jpg,female
Hand_0007994.jpg,female
Hand_0010630.jpg,male
Hand_0007467.jpg,male
Hand_0011572.jpg,male
Hand_0006879.jpg,male
Hand_0009197.jpg,male
Hand_0003111.jpg,male
Hand_0001621.jpg,female
Hand_0001604.jpg,female
Hand_0004591.jpg,female
Hand_0010810.jpg,male
Hand_0009669.jpg,male
Hand_0005120.jpg,male
Hand_0004881.jpg,female
Hand_0007946.jpg,female
Hand_0007181.jpg,female
Hand_0000543.jpg,female
Hand_0005196.jpg,male
Hand_0010796.jpg,male
Hand_0002910.jpg,female
Hand_0006306.jpg,female
Hand_0010855.jpg,male
Hand_0005851.jpg,female
Hand_0009288.jpg,male
Hand_0010250.jpg,female
Hand_0008341.jpg,female
Hand_0001827.jpg,male
Hand_0009439.jpg,female
Hand_0009397.jpg,male
Hand_0011744.jpg,female
Hand_0010524.jpg,male
Hand_0002746.jpg,male
Hand_0006550.jpg,male
Hand_0009883.jpg,male
Hand_0005879.jpg,female
Hand_0009201.jpg,male
Hand_0007661.jpg,male
Hand_0007208.jpg,female
Hand_0009395.jpg,male
Hand_0003715.jpg,female
Hand_0005425.jpg,female
Hand_0000669.jpg,female
Hand_0009284.jpg,male
Hand_0003291.jpg,female
Hand_0002925.jpg,female
Hand_0009157.jpg,male
Hand_0010049.jpg,male
Hand_0001362.jpg,female
Hand_0000187.jpg,female
Hand_0009782.jpg,male
Hand_0009873.jpg,male
Hand_0002861.jpg,male
Hand_0001793.jpg,male
Hand_0001782.jpg,male
Hand_0006276.jpg,female
Hand_0009207.jpg,male
Hand_0006143.jpg,female
Hand_0010526.jpg,male
Hand_0001830.jpg,male
Hand_0009343.jpg,male
Hand_0006293.jpg,female
Hand_0006206.jpg,female
Hand_0010167.jpg,female
Hand_0009916.jpg,female
Hand_0006196.jpg,female
Hand_0001766.jpg,male
Hand_0004842.jpg,female
Hand_0011388.jpg,male
Hand_0009731.jpg,male
Hand_0010605.jpg,male
Hand_0004813.jpg,female
Hand_0006877.jpg,male
Hand_0002896.jpg,male
Hand_0005198.jpg,male
Hand_0001040.jpg,male
Hand_0007852.jpg,female
Hand_0010614.jpg,male
Hand_0003135.jpg,male
Hand_0011737.jpg,female
Hand_0009253.jpg,male
Hand_0003713.jpg,female
Hand_0007468.jpg,male
Hand_0006155.jpg,female
Hand_0001707.jpg,male
Hand_0003858.jpg,male
Hand_0010610.jpg,male
Hand_0002445.jpg,female
Hand_0010856.jpg,male
Hand_0005154.jpg,male
Hand_0000106.jpg,female
Hand_0003761.jpg,female
Hand_0011246.jpg,male
Hand_0009833.jpg,male
Hand_0005813.jpg,female
Hand_0006255.jpg,female
Hand_0008166.jpg,female
Hand_0002111.jpg,female
Hand_0008033.jpg,female
Hand_0007588.jpg,male
Hand_0003708.jpg,female
Hand_0007583.jpg,male
Hand_0009736.jpg,male
Hand_0010037.jpg,male
Hand_0002832.jpg,male
Hand_0005001.jpg,female
Hand_0007018.jpg,male
Hand_0009231.jpg,male
Hand_0005202.jpg,male
Hand_0011218.jpg,male
Hand_0000381.jpg,female
Hand_0000257.jpg,female
Hand_0001848.jpg,male
Hand_0000125.jpg,female
Hand_0007669.jpg,male
Hand_0002106.jpg,female
Hand_0000611.jpg,female
Hand_0002754.jpg,male
Hand_0006576.jpg,male
Hand_0001725.jpg,female
Hand_0003228.jpg,female
Hand_0000926.jpg,male
Hand_0001636.jpg,female
Hand_0009281.jpg,male
Hand_0002087.jpg,male
Hand_0004838.jpg,female
Hand_0005410.jpg,female
Hand_0008282.jpg,female
Hand_0005800.jpg,female
Hand_0006156.jpg,female
Hand_0005816.jpg,female
Hand_0004750.jpg,female
Hand_0005927.jpg,female
Hand_0006244.jpg,female
Hand_0007949.jpg,female
Hand_0001110.jpg,female
Hand_0008448.jpg,female
Hand_0009151.jpg,male
Hand_0007211.jpg,female
Hand_0006828.jpg,male
Hand_0003307.jpg,female
Hand_0003260.jpg,female
Hand_0003235.jpg,female
Hand_0001667.jpg,female
Hand_0004994.jpg,female
Hand_0004600.jpg,female
Hand_0009562.jpg,female
Hand_0010499.jpg,male
Hand_0008445.jpg,female
Hand_0005019.jpg,female
Hand_0009921.jpg,female
Hand_0002289.jpg,female
Hand_0000817.jpg,female
Hand_0003242.jpg,female
Hand_0009764.jpg,male
Hand_0009225.jpg,male
Hand_0010612.jpg,male
Hand_0003870.jpg,male
Hand_0003869.jpg,male
Hand_0002293.jpg,female
Hand_0007948.jpg,female
Hand_0006295.jpg,female
Hand_0005615.jpg,female
Hand_0009484.jpg,female
Hand_0009287.jpg,male
Hand_0001510.jpg,female
Hand_0006362.jpg,female
Hand_0010171.jpg,female
Hand_0004655.jpg,female
Hand_0001640.jpg,female
Hand_0009560.jpg,female
Hand_0009436.jpg,female
Hand_0001770.jpg,male
Hand_0010800.jpg,male
Hand_0005926.jpg,female
Hand_0006863.jpg,male
Hand_0009437.jpg,female
Hand_0000553.jpg,female
Hand_0010625.jpg,male
Hand_0004633.jpg,female
Hand_0005189.jpg,male
Hand_0000162.jpg,female
Hand_0010684.jpg,male
Hand_0004170.jpg,female
Hand_0011358.jpg,male
Hand_0004941.jpg,female
Hand_0009350.jpg,male
Hand_0005924.jpg,female
Hand_0010425.jpg,male
Hand_0004159.jpg,female
Hand_0004817.jpg,female
Hand_0010086.jpg,male
Hand_0005843.jpg,female
Hand_0002839.jpg,male
Hand_0010070.jpg,male
Hand_0001931.jpg,male
Hand_0001781.jpg,male
Hand_0003856.jpg,male
Hand_0007844.jpg,female
Hand_0000088.jpg,female
Hand_0006249.jpg,female
Hand_0009402.jpg,male
Hand_0010829.jpg,male
Hand_0010834.jpg,male
Hand_0006188.jpg,female
Hand_0010084.jpg,male
Hand_0009297.jpg,male
Hand_0009903.jpg,female
Hand_0001924.jpg,male
Hand_0010210.jpg,female
Hand_0004819.jpg,female
Hand_0009913.jpg,female
Hand_0007578.jpg,male
Hand_0007022.jpg,male
Hand_0002864.jpg,male
Hand_0010053.jpg,male
Hand_0001846.jpg,male
Hand_0006312.jpg,female
Hand_0009204.jpg,male
Hand_0002665.jpg,male
Hand_0004826.jpg,female
Hand_0000834.jpg,female
Hand_0000530.jpg,female
Hand_0010602.jpg,male
Hand_0010091.jpg,male
Hand_0000185.jpg,female
Hand_0005113.jpg,male
Hand_0009198.jpg,male
Hand_0008032.jpg,female
Hand_0011242.jpg,male
Hand_0009756.jpg,male
Hand_0007568.jpg,male
Hand_0010597.jpg,male
Hand_0000820.jpg,female
Hand_0006825.jpg,male
Hand_0002947.jpg,female
Hand_0002083.jpg,male
Hand_0001928.jpg,male
Hand_0007581.jpg,male
Hand_0000599.jpg,female
Hand_0010186.jpg,female
Hand_0009347.jpg,male
Hand_0006257.jpg,female
Hand_0007204.jpg,female
Hand_0002702.jpg,male
Hand_0000103.jpg,female
Hand_0005012.jpg,female
Hand_0008289.jpg,female
Hand_0003327.jpg,female
Hand_0003823.jpg,female
Hand_0009299.jpg,male
Hand_0001958.jpg,female
Hand_0005228.jpg,male
Hand_0001495.jpg,female
Hand_0003067.jpg,female
Hand_0004699.jpg,female
Hand_0000117.jpg,female
Hand_0007988.jpg,female
Hand_0006572.jpg,male
Hand_0003920.jpg,male
Hand_0002280.jpg,female
Hand_0009296.jpg,male
Hand_0007990.jpg,female
Hand_0009795.jpg,male
Hand_0002288.jpg,female
Hand_0002828.jpg,male
Hand_0001771.jpg,male
Hand_0010219.jpg,female
Hand_0003223.jpg,female
Hand_0003037.jpg,male
Hand_0003751.jpg,female
Hand_0005209.jpg,male
Hand_0008627.jpg,female
Hand_0009155.jpg,male
Hand_0003910.jpg,male
Hand_0011701.jpg,female
Hand_0004843.jpg,female
Hand_0002927.jpg,female
Hand_0008741.jpg,female
Hand_0006152.jpg,female
Hand_0001236.jpg,female
Hand_0000794.jpg,female
Hand_0002649.jpg,male
Hand_0001358.jpg,female
Hand_0005614.jpg,female
Hand_0007995.jpg,female
Hand_0000797.jpg,female
Hand_0001695.jpg,male
Hand_0005235.jpg,male
Hand_0000796.jpg,female
Hand_0011541.jpg,male
Hand_0004169.jpg,female
Hand_0010607.jpg,male
Hand_0011696.jpg,female
Hand_0001891.jpg,male
Hand_0008238.jpg,male
Hand_0003066.jpg,female
Hand_0004861.jpg,female
Hand_0003209.jpg,female
Hand_0002447.jpg,female
Hand_0002809.jpg,male
Hand_0000153.jpg,female
Hand_0010071.jpg,male
Hand_0004845.jpg,female
Hand_0007282.jpg,female
Hand_0010813.jpg,male
Hand_0006984.jpg,male
Hand_0008542.jpg,female
Hand_0009487.jpg,female
Hand_0001832.jpg,male
Hand_0002856.jpg,male
Hand_0010434.jpg,male
Hand_0000454.jpg,female
Hand_0003908.jpg,male
Hand_0004939.jpg,female
Hand_0004660.jpg,female
Hand_0001563.jpg,female
Hand_0007201.jpg,female
Hand_0010189.jpg,female
Hand_0001698.jpg,male
Hand_0010429.jpg,male
Hand_0005415.jpg,female
Hand_0009489.jpg,female
Hand_0000458.jpg,female
Hand_0008195.jpg,male
Hand_0009867.jpg,male
Hand_0005878.jpg,female
Hand_0002669.jpg,male
Hand_0000867.jpg,female
Hand_0004867.jpg,female
Hand_0005201.jpg,male
Hand_0002653.jpg,male
Hand_0003170.jpg,female
Hand_0007859.jpg,female
Hand_0007955.jpg,female
Hand_0007291.jpg,female
Hand_0009348.jpg,male
Hand_0007851.jpg,female
Hand_0010162.jpg,female
Hand_0006876.jpg,male
Hand_0007502.jpg,male
Hand_0005610.jpg,female
Hand_0002926.jpg,female
Hand_0007846.jpg,female
Hand_0010504.jpg,male
Hand_0002707.jpg,male
Hand_0001629.jpg,female
Hand_0005922.jpg,female
Hand_0000386.jpg,female
Hand_0004752.jpg,female
Hand_0010593.jpg,male
Hand_0001889.jpg,male
Hand_0009904.jpg,female
Hand_0005009.jpg,female
Hand_0001041.jpg,male
Hand_0005240.jpg,male
Hand_0009159.jpg,male
Hand_0001320.jpg,female
Hand_0000165.jpg,female
Hand_0006248.jpg,female
Hand_0011215.jpg,male
Hand_0009294.jpg,male
Hand_0006824.jpg,male
Hand_0006355.jpg,female
Hand_0010226.jpg,female
Hand_0003911.jpg,male
Hand_0011269.jpg,male
Hand_0007721.jpg,male
Hand_0011586.jpg,male
Hand_0006304.jpg,female
Hand_0004584.jpg,female
Hand_0006202.jpg,female
Hand_0004868.jpg,female
Hand_0010500.jpg,male
Hand_0008838.jpg,female
Hand_0002124.jpg,female
Hand_0003867.jpg,male
Hand_0009812.jpg,male
Hand_0005809.jpg,female
Hand_0001239.jpg,female
Hand_0010050.jpg,male
Hand_0002805.jpg,male
Hand_0010618.jpg,male
Hand_0005880.jpg,female
Hand_0011275.jpg,male
Hand_0009338.jpg,male
Hand_0006210.jpg,female
Hand_0004955.jpg,female
Hand_0007025.jpg,male
Hand_0011247.jpg,male
Hand_0011525.jpg,male
Hand_0010851.jpg,male
Hand_0007665.jpg,male
Hand_0002651.jpg,male
Hand_0003919.jpg,male
Hand_0010622.jpg,male
Hand_0009208.jpg,male
Hand_0011526.jpg,male
Hand_0011441.jpg,female
Hand_0001176.jpg,female
Hand_0007358.jpg,male
Hand_0006187.jpg,female
Hand_0011430.jpg,female
Hand_0005929.jpg,female
Hand_0007567.jpg,male
Hand_0005002.jpg,female
Hand_0004917.jpg,female
Hand_0004593.jpg,female
Hand_0007615.jpg,male
Hand_0007364.jpg,male
Hand_0010860.jpg,male
Hand_0002711.jpg,male
Hand_0005212.jpg,male
Hand_0000515.jpg,female
Hand_0002913.jpg,female
Hand_0007013.jpg,male
Hand_0006346.jpg,female
Hand_0010697.jpg,male
Hand_0005417.jpg,female
Hand_0007410.jpg,male
Hand_0002279.jpg,female
Hand_0011270.jpg,male
Hand_0007023.jpg,male
Hand_0008021.jpg,female
Hand_0003718.jpg,female
Hand_0011546.jpg,male
Hand_0002716.jpg,male
Hand_0010522.jpg,male
Hand_0008355.jpg,female
Hand_0011569.jpg,male
Hand_0003752.jpg,female
Hand_0004827.jpg,female
Hand_0010619.jpg,male
Hand_0009758.jpg,male
Hand_0010156.jpg,female
Hand_0009404.jpg,male
Hand_0006358.jpg,female
Hand_0002647.jpg,male
Hand_0005210.jpg,male
Hand_0003045.jpg,male
Hand_0009176.jpg,male
Hand_0007182.jpg,female
Hand_0003018.jpg,male
Hand_0001942.jpg,male
Hand_0007953.jpg,female
Hand_0005207.jpg,male
Hand_0007556.jpg,male
Hand_0006197.jpg,female
Hand_0002755.jpg,male
Hand_0002646.jpg,male
Hand_0004945.jpg,female
Hand_0001304.jpg,female
Hand_0009852.jpg,male
Hand_0011194.jpg,male
Hand_0006835.jpg,male
Hand_0007359.jpg,male
Hand_0006830.jpg,male
Hand_0006256.jpg,female
Hand_0010815.jpg,male
Hand_0007950.jpg,female
Hand_0005017.jpg,female
Hand_0000384.jpg,female
Hand_0006259.jpg,female
Hand_0011705.jpg,female
Hand_0001363.jpg,female
Hand_0006273.jpg,female
Hand_0003106.jpg,male
Hand_0003101.jpg,male
Hand_0010291.jpg,female
Hand_0003897.jpg,male
Hand_0000346.jpg,female
Hand_0003898.jpg,male
Hand_0001191.jpg,female
Hand_0000893.jpg,male
Hand_0009732.jpg,male
Hand_0011265.jpg,male
Hand_0003860.jpg,male
Hand_0006563.jpg,male
Hand_0010831.jpg,male
Hand_0001829.jpg,male
Hand_0007215.jpg,female
Hand_0005237.jpg,male
Hand_0003264.jpg,female
Hand_0003174.jpg,female
Hand_0003035.jpg,male
Hand_0003764.jpg,female
Hand_0009728.jpg,male
Hand_0010083.jpg,male
Hand_0007403.jpg,male
Hand_0006837.jpg,male
Hand_0008338.jpg,female
Hand_0003036.jpg,male
Hand_0011431.jpg,female
Hand_0006976.jpg,male
Hand_0005035.jpg,female
Hand_0002823.jpg,male
Hand_0003902.jpg,male
Hand_0003137.jpg,male
Hand_0011706.jpg,female
Hand_0001366.jpg,female
Hand_0006832.jpg,male
Hand_0005029.jpg,female
Hand_0001507.jpg,female
Hand_0001732.jpg,female
Hand_0004999.jpg,female
Hand_0008288.jpg,female
Hand_0011361.jpg,male
Hand_0006982.jpg,male
Hand_0003917.jpg,male
Hand_0009675.jpg,male
Hand_0009844.jpg,male
Hand_0000584.jpg,female
Hand_0005815.jpg,female
Hand_0008054.jpg,female
Hand_0006356.jpg,female
Hand_0011384.jpg,male
Hand_0007576.jpg,male
Hand_0009831.jpg,male
Hand_0005853.jpg,female
Hand_0008260.jpg,female
Hand_0007202.jpg,female
Hand_0010797.jpg,male
Hand_0009755.jpg,male
Hand_0001826.jpg,male
Hand_0002747.jpg,male
Hand_0008275.jpg,female
Hand_0007622.jpg,male
Hand_0011730.jpg,female
Hand_0008276.jpg,female
Hand_0007566.jpg,male
Hand_0002894.jpg,male
Hand_0001955.jpg,female
Hand_0000171.jpg,female
Hand_0003747.jpg,female
Hand_0011187.jpg,male
Hand_0010294.jpg,female
Hand_0007203.jpg,female
Hand_0001508.jpg,female
Hand_0005817.jpg,female
Hand_0002128.jpg,female
Hand_0010503.jpg,male
Hand_0009346.jpg,male
Hand_0001357.jpg,female
Hand_0005420.jpg,female
Hand_0009887.jpg,male
Hand_0007562.jpg,male
Hand_0009848.jpg,male
Hand_0005194.jpg,male
Hand_0009393.jpg,male
Hand_0005016.jpg,female
Hand_0006551.jpg,male
Hand_0004594.jpg,female
Hand_0006246.jpg,female
Hand_0010431.jpg,male
Hand_0005148.jpg,male
Hand_0002817.jpg,male
Hand_0006150.jpg,female
Hand_0010166.jpg,female
Hand_0003133.jpg,male
Hand_0011277.jpg,male
Hand_0001504.jpg,female
Hand_0011545.jpg,male
Hand_0000148.jpg,female
Hand_0004647.jpg,female
Hand_0003762.jpg,female
Hand_0007993.jpg,female
Hand_0006201.jpg,female
Hand_0009258.jpg,male
Hand_0007214.jpg,female
Hand_0010072.jpg,male
Hand_0002863.jpg,male
Hand_0003900.jpg,male
Hand_0002054.jpg,male
Hand_0011223.jpg,male
Hand_0010812.jpg,male
Hand_0008628.jpg,female
Hand_0009252.jpg,male
Hand_0006153.jpg,female
Hand_0010194.jpg,female
Hand_0010613.jpg,male
Hand_0009429.jpg,female
Hand_0005157.jpg,male
Hand_0001986.jpg,female
Hand_0002704.jpg,male
Hand_0008624.jpg,female
Hand_0003141.jpg,male
Hand_0006192.jpg,female
Hand_0001801.jpg,male
Hand_0001890.jpg,male
Hand_0007470.jpg,male
Hand_0003244.jpg,female
Hand_0006547.jpg,male
Hand_0000864.jpg,female
Hand_0007479.jpg,male
Hand_0005123.jpg,male
Hand_0000923.jpg,male
Hand_0003144.jpg,male
Hand_0004669.jpg,female
Hand_0008164.jpg,female
Hand_0004931.jpg,female
Hand_0008228.jpg,male
Hand_0007353.jpg,male
Hand_0000793.jpg,female
Hand_0003171.jpg,female
Hand_0005193.jpg,male
Hand_0003746.jpg,female
Hand_0007947.jpg,female
Hand_0010073.jpg,male
Hand_0001192.jpg,female
Hand_0002709.jpg,male
Hand_0004763.jpg,female
Hand_0002931.jpg,female
Hand_0010191.jpg,female
Hand_0000457.jpg,female
Hand_0008278.jpg,female
Hand_0005846.jpg,female
Hand_0007395.jpg,male
Hand_0009156.jpg,male
Hand_0010241.jpg,female
Hand_0007505.jpg,male
Hand_0011574.jpg,male
Hand_0011540.jpg,male
Hand_0007654.jpg,male
Hand_0011191.jpg,male
Hand_0005854.jpg,female
Hand_0005416.jpg,female
Hand_0005238.jpg,male
Hand_0009886.jpg,male
Hand_0011192.jpg,male
Hand_0005142.jpg,male
Hand_0005798.jpg,female
Hand_0006545.jpg,male
Hand_0005025.jpg,female
Hand_0002950.jpg,female
Hand_0003215.jpg,female
Hand_0001816.jpg,male
Hand_0010595.jpg,male
Hand_0011250.jpg,male
Hand_0000143.jpg,female
Hand_0007475.jpg,male
Hand_0002855.jpg,male
Hand_0008354.jpg,female
Hand_0001885.jpg,male
Hand_0003212.jpg,female
Hand_0003903.jpg,male
Hand_0009174.jpg,male
Hand_0009335.jpg,male
Hand_0003716.jpg,female
Hand_0009337.jpg,male
Hand_0003705.jpg,female
Hand_0011443.jpg,female
Hand_0010168.jpg,female
Hand_0007200.jpg,female
Hand_0004828.jpg,female
Hand_0004857.jpg,female
Hand_0007659.jpg,male
Hand_0008356.jpg,female
Hand_0009180.jpg,male
Hand_0009791.jpg,male
Hand_0006981.jpg,male
Hand_0002444.jpg,female
Hand_0002700.jpg,male
Hand_0008284.jpg,female
Hand_0003871.jpg,male
Hand_0000517.jpg,female
Hand_0000087.jpg,female
Hand_0002837.jpg,male
Hand_0004987.jpg,female
Hand_0009293.jpg,male
Hand_0008241.jpg,male
Hand_0005234.jpg,male
Hand_0001945.jpg,male
Hand_0003175.jpg,female
Hand_0001674.jpg,female
Hand_0000254.jpg,female
Hand_0010529.jpg,male
Hand_0006349.jpg,female
Hand_0002822.jpg,male
Hand_0001024.jpg,male
Hand_0004164.jpg,female
Hand_0002770.jpg,male
Hand_0002867.jpg,male
Hand_0001948.jpg,male
Hand_0002952.jpg,female
Hand_0011735.jpg,female
Hand_0010188.jpg,female
Hand_0006867.jpg,male
Hand_0008287.jpg,female
Hand_0003010.jpg,male
Hand_0007503.jpg,male
Hand_0002450.jpg,female
Hand_0003706.jpg,female
Hand_0006578.jpg,male
Hand_0010604.jpg,male
Hand_0009723.jpg,male
Hand_0006552.jpg,male
Hand_0001696.jpg,male
Hand_0002112.jpg,female
Hand_0010079.jpg,male
Hand_0001223.jpg,female
Hand_0007037.jpg,male
Hand_0001020.jpg,male
Hand_0007019.jpg,male
Hand_0004586.jpg,female
Hand_0010035.jpg,male
Hand_0005026.jpg,female
Hand_0001984.jpg,female
Hand_0011729.jpg,female
Hand_0000837.jpg,female
Hand_0010240.jpg,female
Hand_0011389.jpg,male
Hand_0005022.jpg,female
Hand_0010525.jpg,male
Hand_0010242.jpg,female
Hand_0005118.jpg,male
Hand_0002862.jpg,male
Hand_0004992.jpg,female
Hand_0009729.jpg,male
Hand_0000246.jpg,female
Hand_0002831.jpg,male
Hand_0007626.jpg,male
Hand_0008197.jpg,male
Hand_0002841.jpg,male
Hand_0006268.jpg,female
Hand_0010609.jpg,male
Hand_0003872.jpg,male
Hand_0007592.jpg,male
Hand_0001043.jpg,male
Hand_0000889.jpg,male
Hand_0002658.jpg,male
Hand_0002109.jpg,female
Hand_0001475.jpg,female
Hand_0006158.jpg,female
Hand_0001135.jpg,female
Hand_0006869.jpg,male
Hand_0001731.jpg,female
Hand_0009233.jpg,male
Hand_0003099.jpg,male
Hand_0004644.jpg,female
Hand_0006190.jpg,female
Hand_0004885.jpg,female
Hand_0011548.jpg,male
Hand_0004856.jpg,female
Hand_0001506.jpg,female
Hand_0007500.jpg,male
Hand_0002759.jpg,male
Hand_0007853.jpg,female
Hand_0007616.jpg,male
Hand_0006992.jpg,male
Hand_0008047.jpg,female
Hand_0001944.jpg,male
Hand_0006198.jpg,female
Hand_0010290.jpg,female
Hand_0003709.jpg,female
Hand_0010861.jpg,male
Hand_0004991.jpg,female
Hand_0001670.jpg,female
Hand_0006310.jpg,female
Hand_0009482.jpg,female
Hand_0006866.jpg,male
Hand_0008343.jpg,female
Hand_0007399.jpg,male
Hand_0004659.jpg,female
Hand_0002764.jpg,male
Hand_0002080.jpg,male
Hand_0011276.jpg,male
Hand_0004865.jpg,female
Hand_0011386.jpg,male
Hand_0002703.jpg,male
Hand_0000105.jpg,female
Hand_0003922.jpg,male
Hand_0008002.jpg,female
Hand_0009942.jpg,female
Hand_0007655.jpg,male
Hand_0007408.jpg,male
Hand_0005822.jpg,female
Hand_0009401.jpg,male
Hand_0008244.jpg,male
Hand_0007284.jpg,female
Hand_0002813.jpg,male
Hand_0007366.jpg,male
Hand_0010293.jpg,female
Hand_0000387.jpg,female
Hand_0009250.jpg,male
Hand_0005010.jpg,female
Hand_0001492.jpg,female
Hand_0003207.jpg,female
Hand_0010695.jpg,male
Hand_0007207.jpg,female
Hand_0005852.jpg,female
Hand_0000389.jpg,female
Hand_0002750.jpg,male
Hand_0004171.jpg,female
Hand_0010582.jpg,male
Hand_0002920.jpg,female
Hand_0001727.jpg,female
Hand_0000884.jpg,male
Hand_0001608.jpg,female
Hand_0001364.jpg,female
Hand_0003103.jpg,male
Hand_0009224.jpg,male
Hand_0010042.jpg,male
Hand_0000173.jpg,female
Hand_0011221.jpg,male
Hand_0008024.jpg,female
Hand_0009563.jpg,female
Hand_0000555.jpg,female
Hand_0000184.jpg,female
Hand_0004162.jpg,female
Hand_0009784.jpg,male
Hand_0005818.jpg,female
Hand_0004853.jpg,female
Hand_0003912.jpg,male
Hand_0011697.jpg,female
Hand_0009427.jpg,female
Hand_0000101.jpg,female
Hand_0008191.jpg,male
Hand_0008198.jpg,male
Hand_0002893.jpg,male
Hand_0003104.jpg,male
Hand_0007594.jpg,male
Hand_0008233.jpg,male
Hand_0008232.jpg,male
Hand_0005918.jpg,female
Hand_0001817.jpg,male
Hand_0003065.jpg,female
Hand_0010039.jpg,male
Hand_0005413.jpg,female
Hand_0003258.jpg,female
Hand_0009836.jpg,male
Hand_0001021.jpg,male
Hand_0001606.jpg,female
Hand_0009152.jpg,male
Hand_0005243.jpg,male
Hand_0001884.jpg,male
Hand_0002710.jpg,male
Hand_0001603.jpg,female
Hand_0006360.jpg,female
Hand_0007405.jpg,male
Hand_0008201.jpg,male
Hand_0003828.jpg,female
Hand_0004935.jpg,female
Hand_0009796.jpg,male
Hand_0001672.jpg,female
Hand_0004639.jpg,female
Hand_0002715.jpg,male
Hand_0009203.jpg,male
Hand_0007998.jpg,female
Hand_0008169.jpg,female
Hand_0001617.jpg,female
Hand_0001929.jpg,male
Hand_0004954.jpg,female
Hand_0008839.jpg,female
Hand_0002806.jpg,male
Hand_0011742.jpg,female
Hand_0001726.jpg,female
Hand_0002889.jpg,male
Hand_0002895.jpg,male
Hand_0004709.jpg,female
Hand_0004579.jpg,female
Hand_0006309.jpg,female
Hand_0008006.jpg,female
Hand_0000292.jpg,female
Hand_0007411.jpg,male
Hand_0010502.jpg,male
Hand_0010163.jpg,female
Hand_0005239.jpg,male
Hand_0005872.jpg,female
Hand_0011576.jpg,male
Hand_0004986.jpg,female
Hand_0010216.jpg,female
Hand_0006570.jpg,male
Hand_0005112.jpg,male
Hand_0004701.jpg,female
Hand_0004951.jpg,female
Hand_0000617.jpg,female
Hand_0008277.jpg,female
Hand_0007670.jpg,male
Hand_0001180.jpg,female
Hand_0000176.jpg,female
Hand_0005204.jpg,male
Hand_0004938.jpg,female
Hand_0004153.jpg,female
Hand_0010509.jpg,male
Hand_0003139.jpg,male
Hand_0003265.jpg,female
Hand_0007589.jpg,male
Hand_0009405.jpg,male
Hand_0000816.jpg,female
Hand_0000347.jpg,female
Hand_0002671.jpg,male
Hand_0004580.jpg,female
Hand_0009735.jpg,male
Hand_0007396.jpg,male
Hand_0004952.jpg,female
Hand_0004944.jpg,female
Hand_0004846.jpg,female
Hand_0010187.jpg,female
Hand_0003238.jpg,female
Hand_0000104.jpg,female
Hand_0006274.jpg,female
Hand_0005159.jpg,male
Hand_0004874.jpg,female
Hand_0011536.jpg,male
Hand_0000615.jpg,female
Hand_0011363.jpg,male
Hand_0007409.jpg,male
Hand_0005028.jpg,female
Hand_0007020.jpg,male
Hand_0002933.jpg,female
Hand_0002086.jpg,male
Hand_0000556.jpg,female
Hand_0006147.jpg,female
Hand_0011543.jpg,male
Hand_0010087.jpg,male
Hand_0007715.jpg,male
Hand_0007014.jpg,male
Hand_0009866.jpg,male
Hand_0009339.jpg,male
Hand_0003899.jpg,male
Hand_0009394.jpg,male
Hand_0010248.jpg,female
Hand_0002706.jpg,male
Hand_0004872.jpg,female
Hand_0005153.jpg,male
Hand_0010833.jpg,male
Hand_0003323.jpg,female
Hand_0010577.jpg,male
Hand_0002887.jpg,male
Hand_0008203.jpg,male
Hand_0009432.jpg,female
Hand_0006991.jpg,male
Hand_0000202.jpg,female
Hand_0005881.jpg,female
Hand_0006238.jpg,female
Hand_0009815.jpg,male
Hand_0001583.jpg,female
Hand_0002948.jpg,female
Hand_0006247.jpg,female
Hand_0011582.jpg,male
Hand_0000383.jpg,female
Hand_0010854.jpg,male
Hand_0004670.jpg,female
Hand_0009286.jpg,male
Hand_0006980.jpg,male
Hand_0010498.jpg,male
Hand_0009753.jpg,male
Hand_0002762.jpg,male
Hand_0009870.jpg,male
Hand_0007952.jpg,female
Hand_0003105.jpg,male
Hand_0005849.jpg,female
Hand_0002672.jpg,male
Hand_0010688.jpg,male
Hand_0008045.jpg,female
Hand_0007356.jpg,male
Hand_0009438.jpg,female
Hand_0008545.jpg,female
Hand_0007858.jpg,female
Hand_0003862.jpg,male
Hand_0003262.jpg,female
Hand_0006207.jpg,female
Hand_0005033.jpg,female
Hand_0007666.jpg,male
Hand_0002833.jpg,male
Hand_0001618.jpg,female
Hand_0006191.jpg,female
Hand_0011365.jpg,male
Hand_0007627.jpg,male
Hand_0007474.jpg,male
Hand_0003824.jpg,female
Hand_0011195.jpg,male
Hand_0009733.jpg,male
Hand_0006567.jpg,male
Hand_0009481.jpg,female
Hand_0009391.jpg,male
Hand_0001709.jpg,male
Hand_0006871.jpg,male
Hand_0011573.jpg,male
Hand_0003863.jpg,male
Hand_0001733.jpg,female
Hand_0001022.jpg,male
Hand_0007209.jpg,female
Hand_0009727.jpg,male
Hand_0010085.jpg,male
Hand_0003326.jpg,female
Hand_0010249.jpg,female
Hand_0006834.jpg,male
Hand_0001985.jpg,female
Hand_0001956.jpg,female
Hand_0010069.jpg,male
Hand_0010076.jpg,male
Hand_0000600.jpg,female
Hand_0011278.jpg,male
Hand_0007857.jpg,female
Hand_0002758.jpg,male
Hand_0009228.jpg,male
Hand_0008444.jpg,female
Hand_0000245.jpg,female
Hand_0005011.jpg,female
Hand_0002928.jpg,female
Hand_0007613.jpg,male
Hand_0001018.jpg,male
Hand_0003819.jpg,female
Hand_0006308.jpg,female
Hand_0009759.jpg,male
Hand_0001639.jpg,female
Hand_0004754.jpg,female
Hand_0009884.jpg,male
Hand_0010239.jpg,female
Hand_0010044.jpg,male
Hand_0000883.jpg,male
Hand_0002761.jpg,male
Hand_0004818.jpg,female
Hand_0009871.jpg,male
Hand_0000791.jpg,female
Hand_0003855.jpg,male
Hand_0002082.jpg,male
Hand_0001927.jpg,male
Hand_0005241.jpg,male
Hand_0004646.jpg,female
Hand_0006873.jpg,male
Hand_0001784.jpg,male
Hand_0010193.jpg,female
Hand_0002052.jpg,male
Hand_0011585.jpg,male
Hand_0007558.jpg,male
Hand_0004997.jpg,female
Hand_0008234.jpg,male
Hand_0000866.jpg,female
Hand_0004948.jpg,female
Hand_0010406.jpg,male
Hand_0009781.jpg,male
Hand_0005820.jpg,female
Hand_0001238.jpg,female
Hand_0011186.jpg,male
Hand_0004762.jpg,female
Hand_0010685.jpg,male
Hand_0004766.jpg,female
Hand_0011266.jpg,male
Hand_0007363.jpg,male
Hand_0006204.jpg,female
Hand_0003169.jpg,female
Hand_0009752.jpg,male
Hand_0003240.jpg,female
Hand_0004700.jpg,female
Hand_0001957.jpg,female
Hand_0005230.jpg,male
Hand_0004985.jpg,female
Hand_0001303.jpg,female
Hand_0011438.jpg,female
Hand_0002757.jpg,male
Hand_0004825.jpg,female
Hand_0005877.jpg,female
Hand_0000199.jpg,female
Hand_0009407.jpg,male
Hand_0007579.jpg,male
Hand_0005114.jpg,male
Hand_0010411.jpg,male
Hand_0010594.jpg,male
Hand_0000822.jpg,female
Hand_0007186.jpg,female
Hand_0006548.jpg,male
Hand_0006864.jpg,male
Hand_0000665.jpg,female
Hand_0011245.jpg,male
Hand_0004598.jpg,female
Hand_0004876.jpg,female
Hand_0000244.jpg,female
Hand_0000303.jpg,female
Hand_0005205.jpg,male
Hand_0003266.jpg,female
Hand_0006868.jpg,male
Hand_0007619.jpg,male
Hand_0010295.jpg,female
Hand_0002719.jpg,male
Hand_0003236.jpg,female
Hand_0002807.jpg,male
Hand_0004716.jpg,female
Hand_0011544.jpg,male
Hand_0004988.jpg,female
Hand_0002836.jpg,male
Hand_0004168.jpg,female
Hand_0007593.jpg,male
Hand_0003306.jpg,female
Hand_0005013.jpg,female
Hand_0005027.jpg,female
Hand_0001365.jpg,female
Hand_0011439.jpg,female
Hand_0000351.jpg,female
Hand_0009247.jpg,male
Hand_0007572.jpg,male
Hand_0000585.jpg,female
Hand_0003923.jpg,male
Hand_0006261.jpg,female
Hand_0003822.jpg,female
Hand_0009813.jpg,male
Hand_0010428.jpg,male
Hand_0007357.jpg,male
Hand_0007393.jpg,male
Hand_0007856.jpg,female
Hand_0005810.jpg,female
Hand_0004822.jpg,female
Hand_0011532.jpg,male
Hand_0000113.jpg,female
Hand_0008167.jpg,female
Hand_0004764.jpg,female
Hand_0011570.jpg,male
Hand_0006361.jpg,female
Hand_0002929.jpg,female
Hand_0000836.jpg,female
Hand_0002808.jpg,male
Hand_0001981.jpg,female
Hand_0006269.jpg,female
Hand_0002298.jpg,female
Hand_0009257.jpg,male
Hand_0004705.jpg,female
Hand_0009351.jpg,male
Hand_0009917.jpg,female
Hand_0007216.jpg,female
Hand_0008738.jpg,female
Hand_0004844.jpg,female
Hand_0011391.jpg,male
Hand_0010696.jpg,male
Hand_0007021.jpg,male
Hand_0005819.jpg,female
Hand_0008027.jpg,female
Hand_0010054.jpg,male
Hand_0009255.jpg,male
Hand_0005200.jpg,male
Hand_0009226.jpg,male
Hand_0005156.jpg,male
Hand_0011575.jpg,male
Hand_0005005.jpg,female
Hand_0003308.jpg,female
Hand_0002840.jpg,male
Hand_0005021.jpg,female
Hand_0004916.jpg,female
Hand_0005165.jpg,male
Hand_0009730.jpg,male
Hand_0004749.jpg,female
Hand_0004585.jpg,female
Hand_0009786.jpg,male
Hand_0004920.jpg,female
Hand_0003760.jpg,female
Hand_0010798.jpg,male
Hand_0008044.jpg,female
Hand_0008279.jpg,female
Hand_0003815.jpg,female
Hand_0003263.jpg,female
Hand_0009428.jpg,female
Hand_0002662.jpg,male
Hand_0005116.jpg,male
Hand_0003918.jpg,male
Hand_0005870.jpg,female
Hand_0006194.jpg,female
Hand_0007628.jpg,male
Hand_0007370.jpg,male
Hand_0007587.jpg,male
Hand_0000628.jpg,female
Hand_0011196.jpg,male
Hand_0010092.jpg,male
Hand_0005421.jpg,female
Hand_0008746.jpg,female
Hand_0010576.jpg,male
Hand_0010077.jpg,male
Hand_0004640.jpg,female
Hand_0008543.jpg,female
Hand_0002286.jpg,female
Hand_0002763.jpg,male
Hand_0007954.jpg,female
Hand_0011739.jpg,female
Hand_0004859.jpg,female
Hand_0010170.jpg,female
Hand_0004934.jpg,female
Hand_0011189.jpg,male
Hand_0008743.jpg,female
Hand_0007501.jpg,male
Hand_0010836.jpg,male
Hand_0011362.jpg,male
Hand_0004574.jpg,female
Hand_0007710.jpg,male
Hand_0002123.jpg,female
Hand_0007465.jpg,male
Hand_0007406.jpg,male
Hand_0004875.jpg,female
Hand_0008353.jpg,female
Hand_0005191.jpg,male
Hand_0006874.jpg,male
Hand_0004588.jpg,female
Hand_0005208.jpg,male
Hand_0006302.jpg,female
Hand_0003138.jpg,male
Hand_0002955.jpg,female
Hand_0001560.jpg,female
Hand_0011587.jpg,male
Hand_0003309.jpg,female
Hand_0011539.jpg,male
Hand_0008626.jpg,female
Hand_0010620.jpg,male
Hand_0001946.jpg,male
Hand_0011251.jpg,male
Hand_0008745.jpg,female
Hand_0009202.jpg,male
Hand_0008621.jpg,female
Hand_0010615.jpg,male
Hand_0004155.jpg,female
Hand_0010165.jpg,female
Hand_0010686.jpg,male
Hand_0002751.jpg,male
Hand_0003818.jpg,female
Hand_0009671.jpg,male
Hand_0001181.jpg,female
Hand_0011527.jpg,male
Hand_0008196.jpg,male
Hand_0002825.jpg,male
Hand_0008000.jpg,female
Hand_0007392.jpg,male
Hand_0005163.jpg,male
Hand_0001580.jpg,female
Hand_0010247.jpg,female
Hand_0005867.jpg,female
Hand_0008263.jpg,female
Hand_0003259.jpg,female
Hand_0004854.jpg,female
Hand_0002890.jpg,male
Hand_0000890.jpg,male
Hand_0010809.jpg,male
Hand_0003211.jpg,female
Hand_0007286.jpg,female
Hand_0005802.jpg,female
Hand_0009920.jpg,female
Hand_0002774.jpg,male
Hand_0008206.jpg,male
Hand_0005195.jpg,male
Hand_0002663.jpg,male
Hand_0008286.jpg,female
Hand_0004571.jpg,female
Hand_0009291.jpg,male
Hand_0007394.jpg,male
Hand_0005923.jpg,female
Hand_0003290.jpg,female
Hand_0001559.jpg,female
Hand_0000626.jpg,female
Hand_0005236.jpg,male
Hand_0007989.jpg,female
Hand_0002922.jpg,female
Hand_0002827.jpg,male
Hand_0011583.jpg,male
Hand_0001619.jpg,female
Hand_0005414.jpg,female
Hand_0000089.jpg,female
Hand_0011193.jpg,male
Hand_0005203.jpg,male
Hand_0003006.jpg,male
Hand_0011733.jpg,female
Hand_0005821.jpg,female
Hand_0001359.jpg,female
Hand_0005187.jpg,male
Hand_0003929.jpg,male
Hand_0010164.jpg,female
Hand_0004834.jpg,female
Hand_0007573.jpg,male
Hand_0010238.jpg,female
Hand_0004665.jpg,female
Hand_0008022.jpg,female
Hand_0010621.jpg,male
Hand_0010835.jpg,male
Hand_0011387.jpg,male
Hand_0005930.jpg,female
Hand_0009832.jpg,male
Hand_0004698.jpg,female
Hand_0003926.jpg,male
Hand_0010046.jpg,male
Hand_0009864.jpg,male
Hand_0008843.jpg,female
Hand_0002811.jpg,male
Hand_0006577.jpg,male
Hand_0009259.jpg,male
Hand_0008192.jpg,male
Hand_0009273.jpg,male
Hand_0010627.jpg,male
Hand_0005842.jpg,female
Hand_0007621.jpg,male
Hand_0004156.jpg,female
Hand_0010792.jpg,male
Hand_0008004.jpg,female
Hand_0011580.jpg,male
Hand_0009757.jpg,male
Hand_0004942.jpg,female
Hand_0003007.jpg,male
Hand_0010408.jpg,male
Hand_0007575.jpg,male
Hand_0001895.jpg,male
Hand_0001712.jpg,male
Hand_0009905.jpg,female
Hand_0005151.jpg,male
Hand_0003213.jpg,female
Hand_0003009.jpg,male
Hand_0007720.jpg,male
Hand_0003928.jpg,male
Hand_0003132.jpg,male
Hand_0001882.jpg,male
Hand_0011224.jpg,male
Hand_0004649.jpg,female
Hand_0011743.jpg,female
Hand_0007472.jpg,male
Hand_0010093.jpg,male
Hand_0005166.jpg,male
Hand_0008199.jpg,male
Hand_0001477.jpg,female
Hand_0006200.jpg,female
Hand_0004767.jpg,female
Hand_0007404.jpg,male
Hand_0007510.jpg,male
Hand_0000630.jpg,female
Hand_0002749.jpg,male
Hand_0007287.jpg,female
Hand_0010682.jpg,male
Hand_0010691.jpg,male
Hand_0003864.jpg,male
Hand_0007188.jpg,female
Hand_0001581.jpg,female
Hand_0001318.jpg,female
Hand_0005034.jpg,female
Hand_0010579.jpg,male
Hand_0000869.jpg,female
Hand_0010626.jpg,male
Hand_0006199.jpg,female
Hand_0006241.jpg,female
Hand_0007183.jpg,female
Hand_0007716.jpg,male
Hand_0002818.jpg,male
Hand_0009869.jpg,male
Hand_0003140.jpg,male
Hand_0007212.jpg,female
Hand_0006836.jpg,male
Hand_0006252.jpg,female
Hand_0010040.jpg,male
Hand_0001765.jpg,male
Hand_0005152.jpg,male
Hand_0010208.jpg,female
Hand_0009830.jpg,male
Hand_0008345.jpg,female
Hand_0011738.jpg,female
Hand_0008165.jpg,female
Hand_0010580.jpg,male
Hand_0009785.jpg,male
Hand_0007951.jpg,female
Hand_0005811.jpg,female
Hand_0008446.jpg,female
Hand_0004760.jpg,female
Hand_0007656.jpg,male
Hand_0008281.jpg,female
Hand_0010217.jpg,female
Hand_0010694.jpg,male
Hand_0007507.jpg,male
Hand_0010036.jpg,male
Hand_0011274.jpg,male
Hand_0001768.jpg,male
Hand_0007854.jpg,female
Hand_0011571.jpg,male
Hand_0007848.jpg,female
Hand_0010616.jpg,male
Hand_0003921.jpg,male
Hand_0009249.jpg,male
Hand_0008538.jpg,female
Hand_0003763.jpg,female
Hand_0003114.jpg,male
Hand_0011542.jpg,male
Hand_0006239.jpg,female
Hand_0004165.jpg,female
Hand_0001791.jpg,male
Hand_0003008.jpg,male
Hand_0005004.jpg,female
Hand_0009908.jpg,female
Hand_0004852.jpg,female
Hand_0003012.jpg,male
Hand_0002113.jpg,female
Hand_0001697.jpg,male
Hand_0001306.jpg,female
Hand_0001794.jpg,male
Hand_0000835.jpg,female
Hand_0008442.jpg,female
Hand_0009223.jpg,male
Hand_0000868.jpg,female
Hand_0003868.jpg,male
Hand_0005242.jpg,male
Hand_0001317.jpg,female
Hand_0011442.jpg,female
Hand_0003861.jpg,male
Hand_0000090.jpg,female
Hand_0003234.jpg,female
Hand_0009790.jpg,male
Hand_0007478.jpg,male
Hand_0009485.jpg,female
Hand_0005192.jpg,male
Hand_0010497.jpg,male
Hand_0000114.jpg,female
Hand_0009722.jpg,male
Hand_0011268.jpg,male
Hand_0007614.jpg,male
Hand_0001193.jpg,female
Hand_0008025.jpg,female
Hand_0011568.jpg,male
Hand_0010814.jpg,male
Hand_0007401.jpg,male
Hand_0007033.jpg,male
Hand_0011382.jpg,male
Hand_0009400.jpg,male
Hand_0005919.jpg,female
Hand_0007623.jpg,male
Hand_0004583.jpg,female
Hand_0002924.jpg,female
Hand_0009206.jpg,male
Hand_0004634.jpg,female
Hand_0001888.jpg,male
Hand_0010287.jpg,female
Hand_0007560.jpg,male
Hand_0005199.jpg,male
Hand_0003866.jpg,male
Hand_0010212.jpg,female
Hand_0002667.jpg,male
Hand_0001472.jpg,female
Hand_0010211.jpg,female
Hand_0002051.jpg,male
Hand_0009232.jpg,male
Hand_0010043.jpg,male
Hand_0008168.jpg,female
Hand_0000922.jpg,male
Hand_0003016.jpg,male
Hand_0002448.jpg,female
Hand_0007184.jpg,female
Hand_0004884.jpg,female
Hand_0001469.jpg,female
Hand_0009868.jpg,male
Hand_0004855.jpg,female
Hand_0007504.jpg,male
Hand_0007283.jpg,female
Hand_0009783.jpg,male
Hand_0004582.jpg,female
Hand_0003173.jpg,female
Hand_0004589.jpg,female
Hand_0007992.jpg,female
Hand_0001602.jpg,female
Hand_0005121.jpg,male
Hand_0000603.jpg,female
Hand_0003064.jpg,female
Hand_0006575.jpg,male
Hand_0011567.jpg,male
Hand_0005146.jpg,male
Hand_0000291.jpg,female
Hand_0002446.jpg,female
Hand_0005422.jpg,female
Hand_0000255.jpg,female
Hand_0001813.jpg,male
Hand_0006242.jpg,female
Hand_0010190.jpg,female
Hand_0010183.jpg,female
Hand_0009761.jpg,male
Hand_0000666.jpg,female
Hand_0008236.jpg,male
Hand_0009678.jpg,male
Hand_0009849.jpg,male
Hand_0008262.jpg,female
Hand_0004592.jpg,female
Hand_0007557.jpg,male
Hand_0002773.jpg,male
Hand_0004831.jpg,female
Hand_0002815.jpg,male
Hand_0005008.jpg,female
Hand_0002290.jpg,female
Hand_0006569.jpg,male
Hand_0009199.jpg,male
Hand_0006359.jpg,female
Hand_0000305.jpg,female
Hand_0008200.jpg,male
Hand_0001582.jpg,female
Hand_0007362.jpg,male
Hand_0001218.jpg,female
Hand_0000538.jpg,female
Hand_0011238.jpg,male
Hand_0005111.jpg,male
Hand_0000174.jpg,female
Hand_0004811.jpg,female
Hand_0010045.jpg,male
Hand_0001894.jpg,male
Hand_0005231.jpg,male
Hand_0003142.jpg,male
Hand_0000514.jpg,female
Hand_0010527.jpg,male
Hand_0004631.jpg,female
Hand_0004696.jpg,female
Hand_0009408.jpg,male
Hand_0008283.jpg,female
Hand_0009946.jpg,female
Hand_0001039.jpg,male
Hand_0007369.jpg,male
Hand_0011434.jpg,female
Hand_0007717.jpg,male
Hand_0010433.jpg,male
Hand_0003042.jpg,male
Hand_0000140.jpg,female
Hand_0006839.jpg,male
Hand_0004928.jpg,female
Hand_0003102.jpg,male
Hand_0004816.jpg,female
Hand_0008205.jpg,male
Hand_0005876.jpg,female
Hand_0006978.jpg,male
Hand_0005801.jpg,female
Hand_0010089.jpg,male
Hand_0001106.jpg,female
Hand_0006275.jpg,female
Hand_0006833.jpg,male
Hand_0005015.jpg,female
Hand_0005412.jpg,female
Hand_0007574.jpg,male
Hand_0010690.jpg,male
Hand_0004824.jpg,female
Hand_0008229.jpg,male
Hand_0005110.jpg,male
Hand_0010432.jpg,male
Hand_0001941.jpg,male
Hand_0010683.jpg,male
Hand_0001197.jpg,female
Hand_0011237.jpg,male
Hand_0009676.jpg,male
Hand_0003748.jpg,female
Hand_0000385.jpg,female
